station_id,von_datum,bis_datum,geoBreite,geoLaenge
00001,19370101,19860630,47.8413,8.8493
00003,18910101,20110331,50.7827,6.0941
00011,19800901,20250611,47.9736,8.5205
00044,19690101,20250611,52.9336,8.2370
00052,19690101,20011231,53.6623,10.1990
00061,19750701,19780831,48.8443,12.6171
00070,19730601,19860930,48.2052,9.0371
00071,19861101,20191231,48.2156,8.9784
00072,19780901,19950531,48.2766,9.0001
00073,19590301,20250611,48.6183,13.0620
00078,19610101,20250611,52.4853,7.9125
00090,19880219,20250611,50.7557,9.2583
00091,19781101,20250611,50.7446,9.3450
00093,19771201,19781031,50.7691,9.2542
00096,20190409,20250611,52.9437,12.8518
00098,18870215,19541231,51.1890,8.4671
00102,19980101,20250611,53.8633,8.1275
00106,19710101,20061201,51.7976,10.4429
00116,18990601,19730531,50.9833,12.4333
00125,19740301,20250611,47.8342,10.8667
00126,19791101,20101130,49.5447,10.2213
00129,19910101,20061231,53.6893,13.2420
00131,20041101,20250611,51.0881,12.9326
00132,19531211,19870930,49.7725,12.3891
00142,19550101,20250611,48.4060,11.3117
00150,19510101,20250611,49.7273,8.1164
00151,19470101,20250611,49.4691,11.8546
00154,19940101,20250611,48.0197,12.2925
00161,19801201,20250611,50.4237,7.4202
00164,19080517,20250611,53.0316,13.9908
00167,20040901,20250611,53.8409,13.6854
00169,19470101,19661231,50.5730,13.0053
00172,19690501,19911130,52.2486,9.5056
00174,19840301,19871231,49.1886,7.9766
00175,19520101,19760430,49.2964,10.5751
00176,19760601,19951130,49.2475,10.5826
00177,19470501,19571031,49.3158,10.5815
00181,19991101,20081102,52.8761,11.5042
00183,19470101,20250611,54.6791,13.4344
00184,19470101,19660630,52.6769,12.0077
00185,19460101,19571231,54.6289,9.9294
00186,18800101,19980930,51.3773,8.0713
00191,19860401,20250611,49.9694,9.9114
00193,19680101,19971031,51.3845,9.0820
00197,19900801,20250611,51.3219,9.0558
00198,19540101,20250611,51.3744,11.2920
00202,19470101,19511231,49.9771,9.1091
00207,19470101,19641231,51.7498,11.4667
00211,19810901,19991231,50.5800,8.4685
00217,19410101,20250611,47.8774,11.3643
00221,19850801,19900531,48.5515,11.7117
00222,19770101,20250611,50.5908,12.7139
00231,18790101,19740430,48.3723,10.8948
00232,19470101,20250611,48.4253,10.9417
00243,19580901,20061231,53.4621,7.4670
00257,19490101,20250611,48.7270,8.2457
00259,19470101,20250611,47.8064,7.6387
00268,19540101,20081231,48.5293,8.2727
00273,19861201,19900430,47.8413,9.6606
00282,19490101,20250611,49.8743,10.9206
00283,19480101,19591231,49.8808,10.8695
00284,18790101,19581231,49.8800,10.8800
00288,19910101,19980831,53.8409,13.7549
00294,19920201,20250611,52.3199,9.4300
00298,19470101,20250611,54.3405,12.7108
00303,19930906,20250611,52.0613,13.4997
00314,19360101,20250611,51.1604,14.5042
00320,18790101,20250611,49.9666,11.5198
00321,19790101,19951031,47.6797,12.0017
00326,20040701,20130708,51.7204,8.0577
00327,19620901,19961031,53.6234,8.8323
00330,19370101,20250611,49.5617,8.9673
00335,19761201,19771031,54.3426,10.6018
00341,19680201,19930131,47.7277,7.5520
00342,20101201,20250611,52.3170,8.1694
00348,19891214,20110901,50.4135,7.5886
00350,19990601,19991231,51.6715,10.7268
00351,19490301,19880630,51.6926,10.6978
00355,19470101,19891031,49.6789,8.6276
00361,19480101,19981231,47.6344,13.0109
00365,19911001,20020930,49.3311,11.4303
00368,19730101,20250611,52.8152,9.9248
00377,19470101,20250611,49.1070,7.9967
00379,19540701,20250611,50.9075,11.2665
00386,19730701,19861130,51.0454,8.3851
00390,19861201,20250611,50.9837,8.3683
00395,19480701,19531231,52.4167,13.4833
00399,19750101,20150630,52.5198,13.4057
00400,19510101,20250611,52.6310,13.5021
00402,18760101,19621231,52.4564,13.2997
00403,19500101,20250611,52.4537,13.3017
00405,19510401,19541231,52.4500,13.6500
00407,19580101,19780331,52.6461,13.2858
00408,19481201,19511130,52.5333,13.3833
00410,19960601,20200615,52.4040,13.7309
00416,19820701,19960930,52.4069,13.4127
00417,19360101,19561031,52.4144,13.3036
00420,19930501,20250611,52.5447,13.5598
00422,19560101,19641231,52.5333,13.3833
00424,19540101,19801231,52.5000,13.4667
00425,19590101,19820630,52.4044,13.4838
00427,19570101,20250611,52.3807,13.5306
00429,19861001,19870131,52.5667,13.1694
00430,19630101,20210505,52.5644,13.3088
00432,19780401,19941231,52.6044,13.2952
00433,19480101,20250611,52.4676,13.4020
00434,19470101,19601231,52.4553,13.4699
00435,19640101,20061231,52.4289,13.2327
00445,18980101,20250611,51.8218,11.7110
00450,19450101,20121204,49.9186,7.0664
00458,19750101,19880331,50.0699,7.0306
00460,19510101,20250611,49.2641,6.6868
00474,19590101,19860930,48.1252,9.7639
00480,19450101,20061231,50.9275,8.4937
00502,19670801,20061231,49.8747,9.4883
00508,19940401,20101231,50.0539,11.8149
00524,19470101,19921231,51.6333,12.3167
00526,19510101,19751231,50.6738,11.2805
00535,19470101,20250611,50.0372,7.3079
00550,19940501,20020930,50.9041,11.7985
00553,19540101,19741231,51.8380,6.6107
00554,19470101,20060228,51.8293,6.5365
00555,19400101,20250611,51.5026,7.2289
00570,19790101,19811231,49.0768,13.0765
00576,19870801,20031231,48.6759,8.9732
00578,19510301,19661231,48.9451,11.3667
00588,19920501,19960731,51.7520,9.3953
00591,19470101,20250611,53.3911,10.6878
00592,19460101,19621231,53.8634,9.7344
00594,19930101,20000301,48.6407,9.6136
00596,19470101,20250611,54.0027,11.1908
00598,19490101,19570831,50.7285,7.0839
00599,19321001,19990301,50.7055,7.1467
00603,19860801,20250611,50.7293,7.2040
00606,19500101,19540731,48.0790,10.1977
00614,19510101,20071231,51.5709,9.3120
00617,20040601,20250611,51.8730,6.8863
00619,19470101,20250520,53.5788,6.6703
00634,19800301,19910331,49.4442,9.6458
00635,19800501,19900930,49.4500,9.6333
00636,19811101,19910331,49.4500,9.6500
00642,19660101,20250611,53.3518,8.4969
00643,19931101,19941231,53.2960,8.4529
00645,19470101,19520131,52.4083,7.9682
00648,19630501,20061231,53.8551,9.7152
00650,19480701,20010430,52.4136,12.5503
00652,19490101,19580731,49.5353,10.7706
00656,19310101,20250611,51.7234,10.6021
00657,19550101,20031231,51.6634,10.6690
00660,19480101,19601231,52.2744,10.5656
00661,18910101,19531231,52.2708,10.5334
00662,19610101,20250611,52.2915,10.4464
00675,19800701,19880229,48.0333,7.6000
00685,19980112,20061101,49.9017,9.4281
00691,18900101,20250611,53.0451,8.7981
00699,19490101,19580630,53.1004,8.7834
00701,19490101,20250611,53.5332,8.5761
00702,19480101,19600630,53.5876,8.6015
00703,19370101,19850531,53.4779,9.1553
00704,19790401,20250611,53.4451,9.1390
00705,19850601,20061231,53.5312,9.1664
00706,19690901,20041231,47.8858,7.6611
00710,19831101,20031231,49.0249,8.6990
00717,19370101,20040630,51.3873,8.5737
00722,18960101,20250611,51.7986,10.6183
00727,19580101,19861231,49.7345,8.9557
00728,19810201,19861231,48.8171,13.2176
00729,19450101,19900131,50.8282,10.4540
00736,19350101,19991231,49.6303,7.1148
00743,19750101,20010928,51.2000,6.1333
00748,19660101,20080930,53.8887,9.1411
00755,19350101,20250611,49.5182,9.3213
00757,19901001,20250611,47.9625,7.9983
00760,19760601,20250611,53.3629,9.9435
00766,19650101,20250611,50.1745,7.0595
00769,19720101,20250611,52.2817,9.0890
00771,19470101,19551231,50.2769,9.1167
00772,19470101,19860430,48.6957,8.1744
00773,19860501,20041231,48.6743,8.1799
00781,19880101,19940331,51.6126,8.6190
00788,19650101,20250611,54.1193,8.8584
00793,19920101,19941031,49.6620,7.1098
00817,19521001,20250611,51.0306,8.8146
00829,19790701,19970831,50.3960,8.5465
00840,19891201,20250611,50.4313,12.6114
00842,19270101,19620630,50.4252,12.5953
00848,19400101,19781231,52.6146,10.0726
00850,19740801,20250611,52.5959,10.0296
00851,19480201,19960430,49.2505,12.6044
00853,18820101,20250611,50.7913,12.8720
00856,19980101,20250611,47.8843,12.5404
00860,20231001,20250611,52.2731,10.0163
00863,18900101,20120331,51.7904,10.3470
00865,19600101,19710228,52.8441,8.0624
00867,19470101,20250611,50.3066,10.9679
00873,19530301,19851231,50.2833,10.8000
00876,19460801,19881231,51.3040,13.0096
00879,20000701,20030331,51.7667,14.2833
00880,18870101,20250611,51.7759,14.3168
00881,19500101,20031231,49.0985,10.0979
00888,19650101,19911216,50.8149,12.3821
00891,19460101,20250611,53.8713,8.7060
00896,19490701,20250611,51.0778,10.8619
00909,19860101,19931130,54.0551,10.2984
00917,19950801,20250611,49.8809,8.6779
00918,19871001,19950731,49.8453,8.6240
00919,18620101,19740731,49.8697,8.6796
00920,19490101,19870930,49.8564,8.5929
00927,19851001,20001231,50.1957,6.8279
00931,19890801,20031231,47.8007,9.4108
00948,19210101,19501231,51.8512,12.2515
00950,19850101,19930228,51.9500,8.9000
00953,19500801,20250611,49.7619,7.0542
00954,19980101,20250611,54.1796,7.4587
00963,19520901,20250611,52.5881,8.3424
00964,19520101,19621231,50.0832,6.8904
00965,19480601,19900630,51.2401,13.4166
00970,19850401,19990630,49.4158,10.6734
00979,19470801,20230313,50.7364,8.2672
00981,19820501,20011231,49.3531,6.7490
00982,19470501,20061130,48.5701,10.4985
00983,20061201,20250611,48.5562,10.5600
00991,19540901,20250611,50.9116,13.7087
00998,19480101,20090201,48.7968,8.4921
01000,19910701,19970831,54.1442,11.8454
01001,19480701,20250611,51.6451,13.5747
01002,19510901,19710630,51.5179,13.4436
01003,18820101,19751231,51.1333,13.1167
01006,18980810,19610930,53.1399,11.2544
01010,19870401,20080923,52.9732,7.3209
01011,19901011,20250611,49.6017,7.7413
01013,19800401,20250611,47.6026,8.1697
01018,19510101,20041231,47.9422,8.5046
01032,19500101,19990930,51.5120,7.5345
01035,19931201,20001130,51.5206,7.6161
01047,18280101,19151231,51.0557,13.7274
01048,19340101,20250611,51.1278,13.7543
01050,19490101,20250611,51.0221,13.8470
01051,19360101,20231003,51.0249,13.7750
01052,19930501,20250611,52.2174,12.1641
01053,19370101,20030731,51.7337,9.0445
01066,19630101,19761231,51.5040,10.2613
01072,19520101,20250611,49.4719,8.1929
01073,19360101,19521231,49.4686,8.1797
01074,19470401,19730228,51.3043,12.0810
01076,19360801,20081231,48.0135,8.5343
01078,19520101,20250611,51.2960,6.7686
01079,19350101,19960731,51.1998,6.7574
01084,19940501,20070531,51.3940,6.7026
01087,19510101,19931231,51.4634,6.7321
01091,19511001,20071231,51.2806,10.7362
01102,19871101,20021231,48.7201,9.5328
01103,19780101,20250611,48.1003,11.9872
01106,19470101,19501231,52.8239,13.7979
01107,19630101,20250611,49.8520,10.4991
01126,19840401,19990130,49.9600,8.6400
01130,19720401,20050131,54.6282,9.3649
01146,19850701,19870731,48.6593,8.9121
01154,19450101,19660930,48.3416,12.8820
01161,19550101,20250611,48.8778,11.2349
01163,19761101,20070224,54.2667,8.8500
01165,19530601,19861031,51.2167,10.3167
01169,19760201,19990930,47.6288,7.5959
01172,19510101,19891130,51.8189,9.8871
01182,19470101,20010531,51.5029,11.5705
01188,19470101,19740831,50.7041,10.8576
01197,19410101,20250611,48.9895,10.1312
01200,19980101,20250611,54.0691,9.0105
01201,19470701,20001231,50.9281,6.5646
01204,19490101,19651231,53.2346,8.4612
01207,19480601,20250611,50.2705,12.2742
01214,19871101,20250611,48.2012,8.1088
01219,19470101,19980310,53.3449,7.1909
01221,19500301,19741231,53.3707,7.2236
01224,19751101,20250611,48.1378,7.8351
01228,20000701,20250601,54.1651,6.3460
01229,19470101,19970331,50.3324,7.6975
01238,19510101,19960930,50.9884,7.4250
01239,19860801,20080923,47.8516,8.7673
01243,19760101,19850930,48.4734,9.3028
01246,20150801,20250611,51.8418,8.0607
01254,19470701,20021130,49.1307,8.9165
01255,20021201,20250611,49.1661,8.8483
01261,19690101,19920731,48.3192,11.9440
01262,19920517,20250611,48.3477,11.8134
01266,19640501,20250611,54.2992,9.3162
01270,19510101,20250611,50.9829,10.9608
01275,19670401,19801231,48.3008,13.1398
01276,19800801,20021231,47.6358,9.5392
01279,19490101,20250611,49.6497,11.0075
01280,19470401,19531231,49.5692,10.9929
01281,19820101,20010430,49.5653,10.9729
01287,19911201,20060831,49.8589,9.2861
01292,19670101,20060430,49.7522,11.8222
01297,19470901,20250611,51.2041,10.0138
01299,19790901,19991031,53.6476,7.6085
01300,19380101,20250611,51.2540,8.1565
01303,19350101,20250611,51.4041,6.9677
01327,19370101,20250611,50.7119,6.7905
01329,19360101,20031231,54.1340,10.5865
01332,19660701,20250611,48.4832,12.7241
01339,19710101,20250611,52.9157,10.1885
01341,20081201,20110929,54.6000,11.1500
01345,19470301,19621231,53.3346,13.4371
01346,19450101,20250611,47.8748,8.0038
01347,19800201,19870131,47.8555,8.1155
01357,19480101,20250611,49.9807,11.8376
01358,18900801,20250611,50.4283,12.9536
01359,19820101,19921126,50.0242,11.2219
01372,19920101,20021031,47.4608,10.2696
01374,19490112,19720430,50.5050,10.1668
01378,19850701,20061231,54.8086,9.4182
01379,19570101,20250611,54.7737,9.3753
01380,19410101,19561231,54.8147,9.4580
01392,19871001,20061231,49.7316,12.3489
01403,19650401,19801031,50.0616,9.4550
01410,19540701,19970331,51.3512,11.0958
01411,19491001,20250611,50.5309,10.0479
01415,19760601,19881231,50.0333,8.5333
01416,19840401,19871231,50.0167,8.5333
01420,19350701,20250611,50.0259,8.5213
01421,19611201,19840831,50.1474,8.6746
01422,19730801,19890430,50.0972,8.6936
01423,19720501,19871231,50.0496,8.5887
01424,19851101,20250611,50.1269,8.6694
01425,18540101,19621231,50.1214,8.6604
01426,19470101,19841231,52.3397,14.5080
01428,19480101,19571231,49.2275,8.0585
01440,19710501,20031231,48.2018,7.9339
01441,19450701,19930430,50.9263,13.2711
01443,18740101,20250611,48.0232,7.8343
01447,19470101,19850630,48.0130,7.8588
01451,19701101,20250611,53.8277,9.2493
01467,19480101,20091231,48.4607,8.4141
01468,19490101,20250611,48.4538,8.4090
01473,20060101,20190228,49.1869,11.3080
01481,19710101,19981231,47.9216,8.2547
01488,19470101,19721231,51.6884,11.0394
01490,19470101,20250611,47.6454,9.4795
01492,19580101,20031231,47.7819,7.7348
01493,19920701,19951231,50.4788,11.0159
01503,19470201,20250611,53.0643,7.9020
01504,20000701,20250611,51.1190,9.2799
01505,19750101,20071031,51.1333,9.2833
01513,19470101,19621130,50.6588,8.1027
01515,19690101,20030731,48.2000,11.2667
01522,19470601,19550331,49.4811,10.9640
01526,18850101,20250611,50.5668,9.6532
01544,19360101,20250611,52.5129,11.3942
01550,19360101,20250611,47.4830,11.0621
01552,19951101,19960430,53.2066,14.3817
01568,19580501,19821231,50.6605,10.7565
01572,19821201,20250611,50.9593,6.0392
01580,18840701,20250611,49.9859,7.9548
01583,19470101,19701231,50.7719,13.7732
01584,20090601,20241031,47.9242,8.6474
01586,19610701,19680430,47.8774,12.6279
01587,19980101,20250611,48.9481,11.4289
01590,19631001,20250611,51.4942,6.2463
01593,19350101,19740430,50.2027,9.1989
01602,19700101,20250611,48.4330,7.9930
01605,19530101,20250611,52.3875,12.1602
01612,19520101,20250611,50.8812,12.1289
01617,19480601,20071231,51.7259,11.1317
01619,19560101,20051231,49.7622,8.4887
01621,19490101,19631231,50.2777,9.9144
01623,19960301,20021130,50.4477,9.9174
01638,19490101,19840430,50.5910,8.6551
01639,19390101,20250611,50.6017,8.6439
01645,19490101,20250611,50.9656,9.0500
01666,19710101,20250611,54.8273,9.5058
01667,19480101,20061231,53.7970,9.4295
01672,19740101,19780630,51.6833,6.1667
01684,18600101,20250611,51.1621,14.9506
01689,19360101,20040630,49.7656,11.3062
01691,18580101,20250611,51.5002,9.9507
01694,19470101,20250611,53.6058,12.1034
01709,19520101,19901231,50.8496,13.9392
01721,19910101,20250611,49.6640,11.2239
01735,19951201,20250611,48.7894,13.6290
01736,19510101,20250611,53.5731,10.6797
01748,19360101,20050331,50.4788,9.2620
01757,18980301,20250611,54.0967,13.4056
01758,19470101,19771231,54.1000,13.4500
01759,19470801,20250611,54.2437,13.9104
01762,18970101,20061231,50.6249,12.1777
01766,19820101,20250611,52.1344,7.6969
01792,20200814,20250611,52.7553,7.4815
01803,19490701,20250611,54.0714,12.3238
01818,19460701,19711231,52.3667,13.3167
01831,19830901,20040827,49.1129,13.1365
01832,19821101,20250611,49.1129,13.1338
01833,19470101,19821031,49.0851,13.2801
01834,19510101,19780630,50.8519,10.4665
01844,19590101,19811231,47.9411,11.9004
01849,19490101,19601231,48.8126,11.5728
01857,19480901,19571231,51.4934,10.6918
01863,19950301,20250611,50.2667,9.1854
01869,19730101,20250611,53.3154,13.9339
01873,19570501,19981231,51.7956,10.2380
01874,19800401,19921124,51.8000,10.2167
01875,19510101,20021231,48.9354,9.7364
01886,20091126,20250611,48.4878,10.2608
01890,19360101,19770630,53.7667,12.2167
01891,18880101,20020331,51.8770,8.3577
01892,19750601,20131027,51.9298,8.3005
01902,19841101,20001231,49.1273,10.7448
01920,19780601,20071231,51.4129,7.4895
01922,19790101,19860228,51.3598,7.4717
01929,19470101,20010731,51.8597,10.3368
01957,19510101,20150323,51.5138,11.9499
01960,18510101,19751231,51.4831,11.9671
01963,19690101,20250611,54.5742,8.5133
01964,19520101,20250611,49.9445,6.3821
01972,19120101,19620930,53.4793,10.2415
01973,19470101,19541231,53.5598,9.9874
01975,19360101,20250611,53.6332,9.9881
01979,19510101,20061231,53.4213,10.1462
01981,19620501,20250611,53.4776,9.8957
01986,19780601,19880430,53.4699,10.1804
01987,19560101,20000229,53.5467,9.9662
01990,19510101,20061231,53.5853,10.1293
01993,19400101,20250611,52.0848,9.3896
02000,19950601,19960930,50.1205,8.9243
02005,19610101,19941231,52.7199,10.5984
02014,19360101,20250611,52.4644,9.6779
02023,19980101,20250611,48.7918,10.7062
02039,19360101,20250611,51.9002,10.5699
02044,19450501,20250611,51.6520,11.1366
02048,19510101,19591231,53.6342,9.6038
02053,19630101,19751231,51.6868,10.8631
02055,19871113,20141228,50.0493,10.4947
02069,19360101,19750531,48.8629,13.0670
02074,19470101,20250611,48.3752,8.9800
02078,19370101,20020630,54.2181,9.0853
02080,19350101,20120912,49.4206,8.6676
02081,19360101,19601231,49.3981,8.7251
02083,19490101,19581231,49.4192,8.6051
02088,19470101,20050430,48.6849,10.1420
02092,19520201,19901231,50.1691,7.9949
02093,19690101,19820930,53.8562,9.8227
02095,19470701,20031031,49.1448,9.2333
02100,20181201,20191117,54.1860,7.9119
02110,19630101,20241130,51.0411,6.1042
02115,19520501,20250611,54.1750,7.8920
02120,19470301,20061231,52.2164,11.0219
02122,19700101,20020531,53.9701,9.0095
02147,19360101,20071231,52.1264,8.6865
02151,19470101,19910831,51.0048,10.1705
02158,19510101,20090101,48.8042,8.4430
02159,19780401,19850331,48.5915,8.8541
02160,19490101,20001231,50.8444,10.6904
02166,19510101,19910502,51.0167,14.7500
02167,19480101,20120331,49.7672,7.3356
02171,19490101,20250611,50.8520,9.7377
02173,19760101,20071231,51.5890,7.1548
02174,19911001,20250611,51.6255,10.3695
02201,19310414,20250611,54.5750,13.1044
02206,19530301,20080229,52.1408,9.8838
02207,19740301,19781231,52.1833,9.9500
02211,19370101,20250611,50.7370,7.6525
02221,19800101,19991031,47.5408,10.4371
02223,19600101,20011231,50.3674,10.5687
02225,19220101,19840930,50.9167,14.3667
02226,19600401,20020930,50.4707,10.9106
02228,19460101,20050331,47.8983,8.1055
02244,19460101,20050901,47.7327,8.1627
02250,19410101,20060731,49.1279,12.8645
02252,19470101,20250611,50.8992,14.7456
02253,19831001,19960731,54.7667,8.2833
02260,19490101,20061231,50.3230,11.9077
02261,19470101,20250611,50.3123,11.8760
02264,19480101,20021130,51.5340,9.4789
02268,19490101,20061231,50.1351,10.5156
02289,19530701,19661231,52.6667,12.3333
02290,17810101,20250611,47.8009,11.0108
02297,19720601,19951130,54.1195,9.7127
02302,19460901,19921231,50.9632,11.4847
02303,19690101,20250611,54.3162,9.5385
02306,19771101,20250611,54.3194,10.6732
02315,20000601,20250611,51.7657,13.1666
02318,19980801,20000131,50.2182,7.9133
02319,19821201,20250611,47.8823,11.6961
02323,19510101,20250611,51.8529,9.4953
02324,19750601,20080930,51.7659,9.5447
02327,19510101,20000630,50.7316,9.0032
02331,19700101,20021231,49.3278,7.3533
02338,19740601,20051223,52.3333,7.5500
02344,19430101,19640331,50.1511,11.6980
02349,19530101,20250611,48.6136,8.2033
02352,19570101,19710831,47.6227,8.0177
02354,19470201,19591231,51.4379,14.2426
02360,19360101,19780430,48.6018,11.6769
02362,19821001,20250611,50.5651,7.4843
02374,18910101,19740630,54.4752,9.0564
02377,19810101,20250611,47.7001,7.5895
02385,19740401,20250611,49.6927,7.3263
02388,19900601,20031231,48.0419,7.6322
02393,19230701,19831231,50.6805,10.9073
02396,19470101,19680731,51.8667,10.6833
02406,19800701,20021130,49.2967,9.6520
02410,19740101,20250611,48.7111,11.5363
02417,19590101,19771231,48.1644,12.0307
02422,19380101,19780630,51.3768,7.7644
02423,19470101,20050701,47.6894,10.0416
02429,19880301,20250611,53.9897,9.5697
02436,19950101,20061231,52.0547,13.2344
02437,19710101,20250611,54.4570,9.5203
02444,18210101,20250611,50.9251,11.5830
02451,19540101,20010831,51.7954,12.9583
02456,19310101,20050826,53.5322,7.8806
02464,19510101,19901031,53.5316,9.6752
02465,19810501,19901231,53.5083,9.7376
02474,19760101,20081231,50.9104,6.4093
02475,19480701,19831031,51.9999,13.1010
02477,19700401,20081231,47.5938,7.9597
02480,19470101,20250611,50.0643,8.9930
02482,19781201,19800430,51.1806,8.4900
02483,19261101,20250611,51.1803,8.4891
02485,20110501,20250611,48.9170,9.6871
02486,19010101,20250611,49.4262,7.7557
02488,19460101,20020930,48.7701,10.7876
02493,19800101,19940531,54.4333,10.3667
02494,19930101,20130930,51.7329,6.2688
02497,19470101,20250611,50.5014,6.5264
02502,19460615,19761231,51.3180,10.1348
02503,19460501,20030505,50.6266,10.1455
02506,19470101,19630831,51.2667,14.0833
02521,19500101,19940331,48.6725,11.3092
02522,18760101,20081031,49.0382,8.3641
02532,18800101,20131031,51.2963,9.4424
02533,19460701,19770630,51.3340,9.4506
02536,19830901,19921231,51.3173,9.4145
02542,19700501,20160331,47.8652,10.6007
02543,19680101,20081231,48.0916,10.8609
02546,19881001,20031231,48.5576,7.8800
02559,19520101,20250611,47.7233,10.3348
02564,19740101,20250611,54.3776,10.1424
02565,19400101,19881015,54.3378,10.0929
02573,19870610,20250611,47.9588,12.7717
02575,20070522,20250611,49.1804,9.9800
02578,18650101,20250611,53.9995,11.4341
02597,19460101,20250611,50.2240,10.0792
02600,19821101,20250611,49.7363,10.1781
02601,19360101,20250611,50.2218,8.4469
02609,19740901,19810331,53.9587,10.3293
02618,19580101,20250611,50.8458,10.4803
02621,19560101,19691231,52.4045,13.2134
02627,19960701,20250611,51.5554,13.8845
02629,19041001,20250611,51.7612,6.0954
02638,19470101,20250611,48.1054,8.7548
02641,19941001,20250611,51.5185,12.9065
02649,19371101,19450131,50.9138,11.8616
02654,19490101,19831031,49.0265,8.7554
02656,19700701,19891231,50.3519,7.5906
02657,19510101,20080131,50.3369,7.5992
02664,19460301,19821231,51.1906,11.2436
02665,19360101,19841231,50.9615,6.9712
02667,19570701,20250611,50.8645,7.1575
02680,19510101,20250611,50.2840,10.4456
02689,19500101,19601231,53.2279,9.6527
02691,19940401,20081231,48.6707,11.2173
02693,19420101,20031231,50.1855,8.4698
02698,19580601,19870831,51.6723,11.7791
02700,19610101,20250611,48.8302,11.4872
02701,19450701,20070331,51.1329,11.7252
02703,19980101,20001010,51.8550,9.3239
02704,19550601,20250611,51.7511,12.0094
02708,19910801,20250611,47.6652,11.0805
02712,19590701,20250611,47.6952,9.1307
02713,19470101,19741231,47.6600,9.1649
02717,19890601,20051231,51.2662,8.8309
02738,19710201,19980201,47.6448,11.7438
02750,19490101,20250611,50.2524,11.3209
02757,19610101,19831231,47.9077,7.7020
02758,19800701,19900630,47.9585,7.6578
02760,19280601,19891231,52.2880,12.0707
02761,19510101,19901031,48.2510,10.4163
02770,19730701,19740831,53.9015,10.2359
02773,19740101,20250611,49.4283,11.9016
02775,19460101,19800630,49.2795,9.6925
02780,19600101,19820531,50.1003,11.4494
02783,19660901,19920831,48.5126,12.1513
02790,19700101,19810831,49.5592,7.4134
02794,19450501,20250611,52.9362,12.4093
02796,20000601,20250611,53.9156,12.2790
02798,19750101,19980531,51.6000,6.1500
02812,19500101,20250611,48.3647,7.8280
02814,19490101,20250611,48.5122,9.7644
02821,19480101,19571231,51.9603,10.0157
02829,19690101,20180710,48.0772,10.9144
02830,19500101,19671231,48.0349,10.8709
02831,19470111,20080331,48.5357,12.1132
02856,19930601,20250611,51.9173,13.0878
02857,19470401,19581130,51.1173,10.6568
02861,19510101,19860630,53.7445,7.4775
02872,19470101,19501231,52.8457,7.3489
02878,19470401,20250611,51.3909,11.8786
02879,19490101,19851231,49.5781,9.7142
02886,19700101,20250611,48.2175,9.9097
02889,19710101,19910930,51.6323,10.4737
02897,19900830,20250611,50.5808,9.2857
02905,19690101,20250611,48.1849,10.8507
02906,19510101,19750228,54.7750,8.9808
02907,19741101,20250611,54.7903,8.9514
02912,19560301,19741130,54.7419,9.8791
02915,19470101,19611231,50.4833,11.4500
02920,19780901,19970630,48.7654,12.5121
02923,19550101,19700531,47.9116,10.6124
02925,19570101,20250611,51.3932,10.3123
02926,19710101,19891231,48.4333,10.2333
02928,18631201,20250611,51.3151,12.4462
02931,19570801,19720430,51.3920,12.3962
02932,19340101,20250611,51.4347,12.2396
02947,19620401,20250611,51.1333,8.0348
02949,19470801,20020131,48.5396,9.5275
02950,19620401,20061231,54.2190,10.8844
02951,19941001,20250611,53.1007,11.4864
02953,19610101,20250611,47.8597,8.2308
02954,19870401,20041228,47.8919,8.1788
02961,19980101,20250611,54.4996,10.2737
02963,19460101,19781231,51.3167,12.0333
02968,19450101,20240831,50.9894,6.9777
02985,19910101,20250611,50.9383,14.2094
02996,19470101,19601231,48.7726,8.7287
03001,19650101,19900531,48.0674,7.6770
03004,19490101,19990630,50.4116,8.0605
03007,19470101,19551231,49.4111,8.3980
03015,19060401,20250611,52.2085,14.1180
03016,19700601,19880430,47.5980,9.8878
03017,19840701,20100430,49.6800,8.7823
03018,19730401,20051231,49.7117,8.7804
03023,19510101,20161231,52.5181,7.3081
03028,19510101,20250611,51.7854,8.8388
03031,19801201,20250611,51.6336,8.3945
03032,19370101,20250611,55.0110,8.4125
03034,19520301,20250611,50.4505,11.6350
03042,19930701,20250611,50.5617,8.2386
03044,19210101,20180531,52.7198,7.7472
03045,19930501,20070630,52.7432,7.8763
03046,19800201,19910331,52.7333,7.7333
03056,19470101,20051031,50.0103,9.6100
03062,19510101,19890531,50.0352,7.8197
03076,19470101,19561231,49.4606,8.4246
03082,19670101,19741231,51.9333,13.8833
03083,19911001,20250611,51.9267,13.8797
03085,19500301,19850228,53.8773,10.6915
03086,19850301,20250611,53.8025,10.6989
03088,18900101,19730630,53.8953,10.7040
03093,19541201,20250611,52.9724,11.1374
03096,19400101,19951231,51.2131,7.6359
03098,19940101,20250611,51.2452,7.6425
03101,19500101,19950930,51.7694,7.4128
03103,19470501,19971231,53.2657,10.4240
03113,19910101,19910731,50.7663,10.7201
03126,18810101,20250611,52.1029,11.5827
03135,19550501,19830331,49.0643,9.5820
03137,19480101,20250611,49.9658,8.2049
03138,19790101,19890216,49.9798,8.1668
03139,19831101,20041231,48.2166,11.2965
03145,19981201,20080901,54.1800,10.5528
03147,19530101,20250611,48.7548,12.2118
03155,19611101,20250611,50.1015,6.8009
03158,19850101,20250611,52.5468,14.5453
03160,19520101,19801231,51.6084,11.4139
03164,19460101,20250611,50.8492,8.7745
03166,19550801,20250611,50.6511,13.1469
03167,19621201,20250611,50.6621,7.9603
03170,20000703,20100430,54.4937,11.2411
03181,20210801,20250611,49.4875,10.6277
03196,19020101,20250611,53.3221,11.9324
03204,19831101,20250611,50.7335,10.8815
03211,19420101,19561231,48.9359,13.5746
03212,19610101,20021231,50.3249,7.2300
03222,19610101,19781231,52.3411,9.1403
03223,19470101,19770930,47.6985,9.2753
03226,20060801,20250611,51.7259,11.5109
03227,19330101,19801130,51.8936,8.9842
03228,19790801,19970331,51.0976,7.6670
03231,19790101,20250611,50.5611,10.3771
03234,19560601,20250611,51.1294,13.4328
03236,19860701,20011231,52.2147,8.3833
03244,19610101,20250611,47.9821,10.1384
03245,19690101,20021129,47.9833,10.2333
03246,19841101,20070614,50.3667,7.3167
03253,19610101,20061231,47.8309,8.0698
03254,19730101,20250611,52.7155,7.3176
03256,19850101,19891031,48.0167,7.6667
03257,19470101,20250611,49.4797,9.7832
03265,19530101,19621231,49.9220,9.2872
03268,20000601,20250611,48.1694,8.9433
03271,19410101,20250611,48.8548,12.9189
03274,19921001,20111231,49.5070,6.5215
03278,20030101,20250611,48.5377,9.2734
03284,19870101,20250611,49.6692,9.0085
03287,19871001,20250611,49.7177,9.0997
03289,19721001,20250611,50.7281,11.7838
03291,19801101,20031231,49.7120,9.2258
03300,19740501,19930531,50.2285,9.1064
03307,19370101,20250611,47.4814,11.2649
03313,19360901,19720331,49.7328,8.7771
03317,19750701,19840930,53.6128,10.6943
03319,20060901,20250611,49.7644,9.2530
03320,19350101,19530531,51.1970,6.4499
03321,20080425,20250611,51.1313,6.3608
03340,19380101,20220430,50.4383,7.8061
03348,19900701,20250611,51.7209,9.8351
03358,19570101,19791231,51.3162,14.7037
03362,19980101,20250611,48.9721,8.8735
03366,19530101,20250611,48.2790,12.5024
03369,19800101,20060315,53.6000,10.4833
03370,19950401,20041130,51.2076,10.3956
03376,19370101,20250611,52.5176,14.1232
03379,19540601,20250611,48.1632,11.5429
03382,19451101,19531231,48.1441,11.6000
03383,18790101,19541231,48.1635,11.5019
03385,19550101,19990331,48.1660,11.5011
03388,19940201,19970131,48.0919,11.6486
03390,19400101,19920517,48.1369,11.7094
03402,19460101,20250611,48.3851,9.4837
03404,18910101,19911231,51.9494,7.5906
03419,19621101,19891031,50.5852,11.4928
03425,19510101,20040531,48.9729,9.5712
03426,19360518,20250611,51.5660,14.7008
03442,19470101,20250611,50.3574,8.7506
03478,19760701,20050816,53.5468,13.1914
03484,19730101,20250611,48.7085,11.2147
03485,19910601,20250611,48.3114,10.3773
03486,19490101,20041231,49.2931,9.2722
03490,19480101,20250611,50.5346,7.0853
03493,19800701,19900731,47.8333,7.5833
03509,20041001,20250611,53.1020,13.0421
03513,19530701,20250611,50.5003,11.1345
03518,19710101,19931231,47.9760,8.9101
03519,19931201,20031231,47.9519,8.9932
03527,19470101,20250611,50.8923,9.4050
03532,19510101,19761130,54.3609,10.6015
03534,19810301,20250611,49.2713,11.4881
03537,18880101,20070831,54.0873,9.9791
03540,19920901,20250611,50.8446,7.3720
03541,19620801,19920229,50.8956,7.3081
03542,19751101,19950531,49.3500,7.1667
03545,19700101,20250611,49.3440,7.2297
03552,19610101,20190408,52.9037,12.8071
03565,19470101,20020131,49.5728,10.6001
03571,20080301,20250611,49.8174,11.8638
03575,19510101,19821231,49.3570,8.1405
03576,19760101,20021031,49.3478,8.1822
03577,19470101,19760630,53.3585,13.0502
03578,19811001,20061231,48.9831,12.1444
03590,19610101,20050930,50.2335,8.8923
03591,19940101,20250611,50.6743,6.4240
03595,19660501,20030630,50.4107,7.8080
03603,20000701,20250611,49.3895,9.9666
03605,19510101,19801031,48.5334,10.2427
03612,19470101,20250611,52.6711,9.2229
03621,19470101,20250611,48.8253,10.5067
03623,19690101,20250611,50.8294,6.6601
03631,18580301,20250611,53.7123,7.1519
03639,19740101,20250611,53.7647,8.6584
03640,19360101,20061231,52.4123,7.0640
03651,19920402,20250611,51.7521,9.9450
03657,19830601,20150831,50.9081,7.5543
03658,19800701,20050131,50.9095,7.5725
03659,19470101,19950327,50.3391,6.9501
03660,19950301,20250611,50.3602,6.8697
03661,19600101,19780331,49.4500,11.0667
03666,19340101,19741231,49.5008,11.1070
03667,19750101,20250611,49.4258,11.2539
03668,18790101,20250611,49.5030,11.0549
03671,19550101,19910331,48.6321,9.3261
03672,19480501,19541231,48.6207,8.8962
03679,19470101,20250611,47.6187,12.1665
03694,19500601,19811217,50.7005,10.7256
03702,19720101,20061231,47.8780,7.8288
03705,19820701,20041231,48.3147,8.5735
03722,19760401,20111119,48.2443,11.5528
03727,19831001,20010930,47.5619,10.0313
03730,19100101,20250611,47.3984,10.2759
03734,20040701,20250611,49.1280,9.3525
03735,19360701,19581231,48.2635,12.2760
03739,19481001,20250611,49.4521,12.4365
03744,19711201,19750630,51.6018,9.5383
03751,19880601,19971231,48.0449,9.8822
03752,19590901,19820930,50.0300,11.8074
03753,19640101,19930331,52.2042,7.1784
03756,19630601,19841231,52.4386,10.9900
03761,19470101,20250611,49.2070,9.5176
03775,19780101,19981216,50.1029,8.7468
03776,19571101,19951031,50.0946,8.7546
03777,19580101,20031231,48.4593,7.9255
03788,19600601,19851231,50.8646,14.7628
03790,18920101,19890930,53.1018,8.2516
03791,19690101,20121001,53.1763,8.1824
03811,19411001,20250611,51.2960,13.0928
03815,19520201,20101130,52.2553,8.0534
03818,19560101,19661231,52.7167,11.7333
03821,19840801,20250611,51.0872,11.9293
03825,19610101,19771231,49.5033,7.2773
03836,19720501,20250611,50.4538,10.2211
03856,19490101,19930630,47.6383,10.4313
03857,19931001,20250611,47.6362,10.3892
03867,19500101,19561231,53.0657,7.4640
03875,19500101,20250611,49.1510,11.6897
03878,19360101,19571231,48.5805,13.4152
03879,19480101,19970103,48.5779,13.4694
03883,19700301,19980131,50.5999,11.9966
03897,19980101,20250611,54.0893,10.8773
03903,19510101,20040930,49.5114,6.3857
03904,19650101,20250611,49.5354,6.3789
03905,19900829,20250611,49.5214,6.4476
03915,19470101,19501231,51.9887,13.3633
03921,19740601,19960430,49.8500,7.6000
03922,19751101,20010630,49.1162,10.8596
03924,19370101,20050831,48.9059,8.7412
03925,19890406,20250611,48.9329,8.6973
03927,19580101,20250611,47.9345,9.2869
03929,19480101,19850930,49.2511,8.4415
03939,19500101,20250611,49.1912,7.5879
03946,18820101,20250611,50.4818,12.1300
03954,19700701,19960930,54.1603,10.4345
03955,19500101,19970131,54.1590,10.4020
03974,19490301,19930630,49.5058,11.5142
03975,19930901,20250611,49.4777,11.5357
03987,18930101,20250611,52.3812,13.0622
03988,18930101,20191231,52.3822,13.0622
04005,19460101,19571231,47.8588,12.3624
04018,19510101,19830831,48.1877,11.2206
04024,18530701,20250611,54.3643,13.4771
04029,19400101,19571231,52.6691,7.9544
04032,19450101,20250611,51.7953,11.1320
04036,19530601,20250611,51.3895,11.5412
04038,19470101,19770630,53.7276,9.9071
04039,19741201,20250611,53.7331,9.8776
04053,19530101,19961231,47.7457,9.0006
04063,19510101,20250611,52.4461,8.5906
04066,19861101,19990131,47.9091,11.1048
04077,19370101,19390731,48.8471,8.1868
04079,19460904,20050630,51.1765,11.4183
04091,19620701,19980630,47.7327,12.6827
04094,19460101,20250611,47.8062,9.6206
04100,19540101,19731231,51.6243,7.1820
04104,18790101,20250611,49.0425,12.1019
04125,18970101,20061130,47.7238,12.8740
04127,19911001,20250611,50.9906,7.6958
04149,19470101,19640331,50.5477,13.2239
04152,19710101,19771231,47.6783,8.1527
04154,20110201,20180630,51.1800,7.2505
04156,19731001,19980228,54.2878,9.6749
04157,19850601,20031130,50.5052,7.4881
04160,19701222,20250611,48.7425,8.9240
04166,19880501,20021231,48.5051,9.1833
04169,19580101,20250611,48.6703,7.9939
04174,19710101,20171220,52.2887,7.3866
04175,19530901,20250611,47.5590,7.7721
04177,19480101,20250611,48.9726,8.3301
04189,20040801,20250611,48.1479,9.4596
04222,19630101,20060131,50.5263,12.4091
04225,19790601,20190412,49.2195,12.5360
04233,19360403,19531130,50.3833,9.5167
04240,19480101,19920930,50.6407,6.2058
04249,19471101,19871231,51.0681,11.3969
04261,19500101,20240412,47.8819,12.1249
04270,19000101,19651231,54.0826,12.1228
04271,19470101,20250611,54.1803,12.0808
04275,19460101,20250611,53.1289,9.3398
04278,19510101,20081231,49.2511,11.0934
04279,19890418,20250611,50.3046,6.3863
04280,19710101,20250611,49.2162,11.1035
04287,19470601,20250611,49.3849,10.1732
04288,19510101,19750831,52.1038,8.1809
04293,19580101,20051130,47.6819,11.7714
04294,19790701,20021031,48.4704,8.9687
04300,19570201,20250611,48.1815,8.6356
04301,19470101,20250611,49.8502,7.8710
04318,19710601,20061231,47.7310,12.6610
04320,19880601,19920930,54.0934,10.2223
04323,19690101,20250611,49.6468,7.8837
04327,19530301,19710716,48.8765,13.0490
04330,19520101,19800331,48.8026,8.9557
04332,19470501,19591231,50.6563,11.3894
04333,19361001,19610430,50.8582,11.9789
04335,19770701,19830630,49.2500,6.9500
04336,19510101,20250611,49.2128,7.1077
04338,19750701,19880126,49.2170,7.0199
04339,19480101,20010331,49.2231,7.0168
04343,19790101,19970930,49.3256,6.7354
04347,19480101,20030708,51.5909,10.5691
04349,19871101,20250611,48.9569,9.0711
04350,19660101,20081231,47.5619,7.9399
04354,19850901,20250611,48.7832,13.3146
04364,19650101,19991231,52.0355,10.3054
04367,19920401,20061231,52.0781,9.5520
04371,19350101,20250611,52.1042,8.7521
04373,19360115,19720630,52.8568,11.1319
04377,19650101,20250611,50.3518,10.0034
04386,19470101,20061231,47.7610,8.1247
04390,19630101,20041231,48.0091,8.0966
04391,19510401,19691031,53.9878,9.1125
04393,19510101,20250611,54.3279,8.6031
04396,19510101,19601231,49.4672,7.2036
04397,19780201,20051231,49.5025,7.2020
04401,19500101,19800630,51.6334,8.1872
04411,19791201,20250611,49.9195,8.9672
04419,19470101,20041231,47.9556,7.7133
04424,19660406,19861231,47.9139,7.9083
04425,19510101,19651231,49.4864,7.0290
04429,19811201,19940831,47.5880,9.8500
04433,19870101,20041231,48.1994,9.7700
04436,19470101,19511231,50.8166,9.8460
04438,19921201,20061231,49.9750,11.0395
04442,19810101,20071231,51.9119,9.1533
04445,19021201,20250611,51.7658,10.6533
04464,19510401,20250611,50.5679,11.8041
04466,19470101,20250611,54.5275,9.5487
04468,19530101,19730731,54.5227,9.5649
04469,19380201,19800831,50.5071,10.7620
04471,19790101,19850731,47.7358,11.8505
04474,19540101,19731231,49.7961,7.7583
04477,19570101,20100501,47.8208,8.1860
04479,19540101,19850930,50.3849,9.5358
04480,19851001,20250611,50.3447,9.5533
04484,19610101,19710331,53.6615,10.2543
04485,20050201,20170228,50.7250,10.4539
04489,19470101,19621231,51.8833,10.7667
04490,19660101,20021231,49.4149,6.8360
04496,19550101,19741231,51.6826,12.7348
04501,19360101,20250611,50.6545,10.7696
04505,19470101,19870131,50.4988,12.4534
04508,19530101,20250611,50.2968,6.4194
04517,19470101,20081130,48.7859,8.6451
04548,20070701,20250611,50.1847,12.0791
04549,19770501,20100930,48.1002,8.1969
04556,19720901,20000831,48.1402,8.1991
04557,19530101,20021031,47.6464,7.8440
04559,19960501,20250611,49.1644,12.6175
04560,19490101,20220102,50.4925,9.1226
04571,19690601,19970331,51.8369,10.4312
04576,19770401,19810731,49.3261,11.0120
04581,19510101,20021031,48.7768,9.8025
04582,19830401,20010731,49.0823,9.6892
04583,19911126,20081226,48.7868,9.7456
04584,19700401,19790531,48.3667,11.8000
04586,19910101,19980630,50.1394,8.0627
04592,19551021,20250611,49.3278,12.0871
04593,19950701,19991130,51.9639,11.1208
04597,19450101,20101231,47.5769,10.7181
04605,19490705,20250611,50.6441,11.1936
04606,19600101,19801231,51.5167,14.3500
04612,19360101,19650630,50.5513,12.7678
04621,19580501,20031231,50.0575,10.2160
04625,18900101,20250611,53.6424,11.3871
04629,19721001,19991130,54.5166,9.1420
04642,19761001,20250611,52.8911,11.7297
04649,19470101,19560531,50.8698,7.3228
04651,19370101,20250611,51.9040,10.1885
04656,19510101,19730630,53.9278,10.2993
04663,19820201,20110412,50.1633,12.1188
04664,19410101,20000630,50.1969,12.1727
04665,19690101,19750531,49.5281,7.0417
04678,19700101,19880729,53.5833,8.0333
04692,19370101,20181130,50.8534,7.9966
04702,20000702,20071101,48.1000,9.2500
04703,19510101,20250611,48.0719,9.1943
04704,19880501,20250611,47.5776,9.7404
04705,19470101,19531210,49.7595,12.3891
04706,19810101,20250611,48.2718,13.0273
04709,19790401,20250611,49.9996,7.5981
04719,19980101,20070828,49.2447,8.8787
04729,19890701,20040229,50.2882,9.4583
04735,19770101,19861231,48.7833,8.0833
04741,19360101,20021231,51.1400,7.0930
04745,19350101,20250611,52.9604,9.7930
04748,18610101,20250611,51.3691,10.8800
04752,19450701,20080701,50.3746,11.1828
04763,19610101,20250611,51.0607,9.9266
04765,19510101,19801231,51.2800,9.9847
04775,19520101,19651231,49.7858,11.8211
04782,19650401,19911231,51.6040,12.1093
04806,19510501,19831231,50.7832,11.0880
04813,20200801,20250611,50.0806,11.0467
04818,19640401,20001231,50.1531,11.7402
04837,19851201,19900930,47.9869,7.9466
04841,19981001,20250611,53.6946,8.8735
04847,19700101,19751231,51.3629,9.6902
04857,19901101,20250611,53.5534,9.6097
04878,19300101,20250611,51.6646,10.8811
04880,19841201,20250611,49.0878,10.1240
04881,19771001,19940731,47.8591,9.0152
04886,19751101,20070526,53.8333,9.3667
04887,19470101,20250611,48.6656,9.8648
04896,19741201,20221130,54.6654,9.8050
04911,19490501,20250611,48.8275,12.5597
04919,19771001,20250611,54.4965,8.8069
04926,19460101,20130514,48.7896,9.2167
04927,19490801,19840731,48.7693,9.1814
04928,19580101,20250611,48.8281,9.2000
04929,19840901,19850531,48.8333,9.2000
04931,19530101,20250611,48.6883,9.2235
04933,19000101,19770630,48.7091,9.2147
04939,19470101,19581231,51.7333,11.1167
04945,19500901,19830424,51.6000,10.6833
04947,19880817,20250611,52.2317,10.9200
04963,19590101,19871231,51.4667,10.8000
04966,19390401,19571231,50.8696,10.5106
04977,19930101,20020430,52.5447,11.9724
04978,19860101,20250611,50.6390,10.0228
04987,19860501,20040630,49.6122,9.6747
04996,19360101,19991031,47.7099,11.7639
04997,19941001,20250611,50.9771,12.3419
05009,19470101,20250611,53.7610,12.5574
05014,19520101,20250611,53.2758,8.9857
05017,19480101,20250611,50.4002,11.3888
05029,19750601,20250611,49.4737,7.0385
05032,19860501,20031231,49.8850,9.8469
05039,19680301,19981231,50.8430,10.1613
05046,19670101,20250611,49.8576,12.3542
05047,19480101,19951231,47.9394,8.1933
05049,19570101,20080501,47.8991,8.1460
05059,19821001,20021231,47.7279,7.9988
05063,19360101,20070531,47.7566,11.5819
05064,20041201,20250611,51.2897,6.4437
05067,19370101,19660930,51.7643,9.5628
05068,19360101,19901231,51.5833,13.0000
05074,19360101,19601231,47.8663,12.6566
05075,19711001,20040630,47.8516,12.6182
05078,19400101,20250611,53.9619,10.8892
05088,19910101,20001231,54.5337,13.2460
05094,19490101,20011231,48.1316,8.2283
05095,19750701,20010901,48.1288,8.2330
05097,19910101,20250611,54.0654,12.7655
05099,19070501,20250611,49.7326,6.6131
05100,19370101,20250611,49.7479,6.6583
05105,19470101,19730228,48.3132,9.2472
05107,19880601,20031231,48.2814,9.3137
05109,20000701,20250611,53.5998,13.3039
05111,19450101,20250611,48.0311,12.5396
05120,19500101,19820430,48.5198,9.0515
05127,19910201,20031231,48.0083,8.8179
05128,19790601,19901231,47.9682,8.7899
05133,19980601,20250611,51.3344,8.9132
05138,19460101,20031231,47.7713,9.1562
05142,19360901,20250611,53.7445,14.0698
05146,19510101,20250611,52.9414,10.5289
05149,19510301,20250611,49.5679,10.1969
05154,19740101,19960930,48.4000,9.9833
05155,19440101,20140901,48.3837,9.9524
05158,19871201,20250611,52.1601,11.1759
05165,19480201,20061231,52.8499,10.2898
05185,19711101,20061231,49.5933,11.0704
05226,19870611,20011117,47.9530,10.9151
05229,19470101,20250611,48.0453,8.4608
05236,19590101,19791231,52.8318,8.3112
05244,19610101,19820228,49.2581,6.8612
05245,19760101,19990831,49.2495,6.8804
05249,19871208,19901231,47.9500,12.1833
05250,19360101,20031231,48.0908,7.6353
05252,19470101,19571231,52.1030,9.5845
05267,19630601,19751231,52.0722,11.0222
05275,19851001,20250611,49.2445,8.5374
05277,19980101,20090630,50.8119,9.1280
05279,19510101,20250611,51.6194,9.5749
05280,19810401,20250611,53.9224,10.2267
05282,19170101,19740630,51.1197,13.6744
05284,19780101,19911231,48.8279,9.3228
05289,19830101,20080430,48.4918,8.5612
05291,19480101,19611231,47.9760,8.1558
05296,19470101,19890430,51.2070,9.0658
05300,19510101,20250611,50.2596,8.3607
05306,19711201,20031231,48.9293,13.4641
05308,19700409,19861231,52.8009,10.7562
05317,19490101,19571231,50.0097,12.2979
05319,19810801,20250611,47.9167,9.7076
05320,19530101,19910630,47.6172,8.2388
05327,19810714,20250611,49.5789,9.3974
05335,19450101,20250611,50.8963,10.5483
05344,19410301,20061231,53.7865,7.9096
05347,19980101,20250611,51.5039,9.1118
05349,18890701,20250611,53.5196,12.6654
05361,19490101,20051231,50.6271,9.4420
05369,19471201,19931231,48.0572,12.2202
05371,19230801,20250611,50.4973,9.9427
05377,19480101,19530930,47.5714,12.9337
05397,19470101,20250611,49.6662,12.1844
05398,19480101,19710630,49.1965,10.6487
05403,19911101,20041231,49.5900,10.2588
05404,19360701,20250611,48.4024,11.6946
05410,19470101,19930630,50.4732,8.2594
05412,19910531,20250611,47.6802,8.1964
05419,19500101,20070630,50.9751,11.3076
05424,19490301,20250611,51.0177,11.3544
05426,19530101,20250611,49.3758,8.1212
05429,19530101,19840630,49.1512,9.2920
05431,19470101,19760930,53.0333,11.8000
05433,19570101,20250611,49.5534,6.8120
05434,19510101,19920531,50.0858,11.2364
05435,19810101,20031231,48.8457,8.9073
05440,18790101,20250611,49.0115,10.9308
05442,19490401,20051231,51.2002,11.9154
05445,19830201,20071231,51.2120,10.9956
05453,19920601,20031231,48.1880,7.6976
05460,19781201,19840731,48.1477,8.6954
05463,19941201,20000131,52.0654,14.6898
05467,19510101,20120921,47.7035,12.0119
05480,19750101,20250611,51.5763,7.8879
05488,19490101,19860331,49.9622,10.0482
05490,19470101,20250611,51.8454,10.7686
05498,18681020,20041130,49.7667,9.5428
05514,19360101,19611231,54.8990,8.3117
05515,19650101,19861231,54.9231,8.3080
05516,19480101,20250611,54.5283,11.0606
05533,19901201,20031231,51.6170,10.5843
05538,19990201,20250611,47.8827,11.1576
05541,19870601,20250611,50.1321,8.3169
05543,19600101,19860731,50.0863,8.1872
05546,19670401,20250611,52.1206,12.4586
05559,19490101,20010630,48.7848,8.5764
05560,19460101,20031130,48.7501,8.5365
05562,19950401,20250611,48.6516,8.6801
05564,19750101,19920331,51.1167,6.2167
05568,19470101,20010331,51.1056,9.1081
05575,19160101,19980630,53.5901,8.1060
05582,19400101,20051231,51.2940,8.6026
05583,19830801,20060131,51.2818,8.6673
05609,19940801,20020331,48.8031,9.4699
05610,19580101,20081231,51.1872,8.5079
05624,19470101,19501231,53.9026,11.4254
05629,19370101,20250611,51.8891,12.6446
05640,19690101,20250611,53.5444,7.6625
05642,20000702,20010928,53.1833,12.5167
05643,19940301,20250611,53.1864,12.4949
05644,19480101,19990831,51.3493,9.8438
05654,19480701,20071231,49.2178,10.2296
05663,19790101,19961130,53.4618,13.6099
05664,19580101,20250611,48.2953,8.2391
05665,19791001,20100501,47.8180,9.7970
05675,19610101,19880831,52.4411,10.7587
05676,19810401,20240102,52.3962,10.6892
05681,19810901,19981231,49.5811,7.6234
05688,20181101,20250611,47.7004,8.1057
05692,19360101,20250611,49.6051,8.3659
05703,19510101,19860131,49.7964,9.8949
05705,19470101,20250611,49.7704,9.9576
05707,18800101,19530131,49.7995,9.9280
05715,19740101,20250611,52.4626,9.4245
05717,19370101,20250611,51.2256,7.1052
05719,20041001,20091210,51.2051,7.2000
05728,19520401,19811231,52.8039,12.8714
05731,19610101,20250611,47.6783,8.3801
05732,18870701,20030630,54.6928,8.5271
05745,19480701,20250611,52.9664,13.3268
05750,19520901,20250611,51.0314,12.1495
05761,19031101,19801231,51.9642,12.0996
05770,19520301,19821231,50.6132,11.6472
05778,19910101,20040731,54.0801,13.8989
05779,19710101,20250611,50.7313,13.7516
05781,19390301,19430831,50.8849,14.8112
05792,19000801,20250611,47.4210,10.9848
05797,18631203,20250611,50.6879,12.4329
05800,19980101,20250611,49.0280,13.2385
05802,19480101,20030930,49.0007,13.2137
05821,19610101,19761231,52.8482,8.7190
05822,19751001,20250611,52.8630,8.6989
05825,19530701,20250611,52.6198,12.7867
05832,19460101,19541130,53.1007,11.0455
05839,19970701,20250611,53.3881,7.2287
05841,19770301,19790228,48.6667,8.4667
05851,19970312,20250611,51.0806,8.8769
05856,19961231,20250611,48.5451,13.3532
05871,19981101,20250611,49.9463,7.2645
05877,19970310,20250611,54.3160,10.8002
05885,19510101,19770531,48.6582,9.4203
05890,19510101,19910731,47.6777,11.0473
05898,19490301,19840630,48.8943,9.2058
05904,19780501,20050131,48.6493,11.7772
05906,19360101,20250611,49.5063,8.5584
05912,19500101,20031231,51.0988,9.5380
05920,19500101,19970731,50.4485,7.4275
05930,19810801,20250611,54.6410,10.0238
05941,19450101,20250331,47.6754,12.4698
05971,19510101,19630228,48.8787,9.6342
06086,19971101,20000630,52.7786,13.7590
06091,19971008,20250611,53.7674,7.6721
06093,19980201,20250611,53.2139,10.4704
06095,19980501,19990930,51.0838,13.4486
06096,19980717,20250611,49.1423,10.7301
06097,19981104,20250611,54.4738,12.5014
06098,20000503,20100430,47.8147,9.0237
06099,20000420,20250611,47.7020,8.7318
06101,19991216,20250611,54.1323,11.6719
06102,19990331,20250611,47.5396,9.6843
06103,20000606,20250611,47.4287,11.2616
06105,19980601,20250611,54.3194,9.8051
06106,20020630,20250611,53.3311,12.7149
06107,19990414,20250611,47.8076,9.1035
06108,20010627,20250611,53.7197,9.4192
06109,19981001,20250611,53.3837,14.3728
06110,19980901,20040831,53.8545,13.4949
06112,19981001,20000131,54.2670,13.1430
06129,19990501,20250611,51.0594,14.4266
06136,19820801,19950430,50.7000,8.3000
06157,19990201,20250611,53.6411,8.0809
06158,19990701,20250611,49.2249,10.6085
06159,19590301,20250611,52.9542,7.3197
06163,19991004,20250611,54.1654,10.3519
06170,20000201,20250611,52.0192,14.7254
06181,19870601,19921231,51.3154,9.4281
06182,20000401,20120327,48.7757,12.1743
06183,19760201,19891231,54.9101,8.3268
06184,19880801,20090615,53.5333,8.1667
06186,20000401,20190527,50.1989,7.8651
06189,19710101,19950831,53.1333,9.3500
06192,20000201,20081031,49.8083,7.8458
06196,20000901,20250611,50.1587,12.0386
06197,20001011,20250611,51.8664,9.2710
06199,20000801,20250611,54.2484,13.0419
06211,19870610,20250611,47.9550,12.1735
06217,20010401,20250611,49.2406,6.9351
06219,20010701,20011031,48.8768,11.1043
06221,19910903,19940630,53.5084,7.0781
06238,20011123,20170729,47.9946,11.2690
06242,20181019,20210701,50.4088,7.4890
06243,20180712,20250611,49.2506,8.4422
06244,20180712,20250611,49.3650,9.0804
06245,20180611,20250611,49.0423,9.1733
06247,20180701,20250611,47.6078,8.1813
06253,20011001,20250611,52.4228,12.5667
06255,20181018,20181231,49.4667,6.3968
06258,20030101,20250611,47.6845,9.4409
06259,20040601,20250611,49.0210,9.6033
06260,20021201,20250611,49.3328,9.7040
06262,20021101,20250611,48.7695,9.8737
06263,20040701,20250611,47.7738,8.8219
06264,20040601,20250611,51.4140,8.6500
06265,20040501,20250611,52.3613,12.3867
06266,20040901,20250611,52.0304,10.9626
06272,20041001,20250611,50.8426,10.2518
06273,20040601,20250611,52.5075,11.8551
06275,20040701,20250611,48.6705,9.4627
06277,19710101,19900430,52.4167,10.6667
06304,20021001,20061231,49.3533,11.5053
06305,20041201,20250611,51.2061,10.4978
06310,20040801,20250611,54.1049,13.8239
06312,20041101,20200930,49.5314,10.6418
06314,19490201,20250611,51.0507,13.3003
06336,20051101,20250611,50.0132,9.6540
06337,20040801,20250611,51.7663,7.5194
06344,20041201,20250611,50.3940,8.1423
06346,20050201,20250611,48.2070,11.2035
06347,20050301,20250611,50.0579,10.2972
07075,20050201,20250611,48.7020,11.8493
07099,20041101,20211004,52.0111,10.3966
07105,20050601,20250611,47.8350,12.6548
07106,20060901,20250611,52.0714,8.4565
07135,19510101,20041231,47.9655,9.6804
07187,20041201,20250611,49.7636,9.4063
07244,19670101,20040930,53.1424,13.0319
07298,20050701,20250611,54.5268,9.0425
07308,19850206,20180125,47.8847,11.1540
07319,20050301,20250611,48.7374,10.7393
07321,20050901,20250611,51.1507,11.3321
07325,20110901,20170116,47.4165,10.9795
07329,20051101,20250611,50.5467,12.2863
07330,20051001,20250611,51.4633,7.9780
07331,20050901,20250611,48.6099,10.2674
07341,20050715,20250611,50.0900,8.7862
07343,20060401,20250611,50.6200,13.4817
07350,20060801,20250430,49.1088,12.8231
07351,20050908,20250611,53.3176,13.4175
07364,20070101,20250611,51.6818,12.3053
07367,20071201,20250611,51.9643,9.8072
07368,20071101,20250611,51.0007,10.3621
07369,20071101,20250611,49.1623,10.3661
07370,20061211,20250611,49.3910,12.6838
07373,20060301,20250611,53.5984,6.7024
07374,20060301,20250611,52.0813,6.9409
07389,20061201,20250611,52.7461,13.8427
07391,20120201,20250611,49.5561,8.9669
07392,20080101,20250611,50.3332,10.4487
07393,20100101,20250611,51.4492,14.2533
07394,20060601,20250611,50.0315,11.9745
07395,20071201,20250611,48.6595,12.5388
07396,20080501,20250611,50.5084,9.2246
07403,20070401,20250611,47.7955,10.0325
07410,20110201,20250611,50.7513,9.0224
07412,20061001,20250611,50.0083,9.4238
07416,20080911,20250611,51.0112,8.2733
07419,20061201,20250611,50.6610,12.0756
07420,20070401,20250611,51.1045,11.7113
07424,20061201,20250611,47.7724,12.9073
07427,20070901,20250611,54.0188,9.9255
07428,20070501,20250611,50.4167,10.8156
07431,20071101,20250611,48.0130,11.5524
07432,20070501,20250611,52.6423,10.6628
10510,20090101,20250611,48.8059,9.5046
13667,20061123,20080706,48.0006,7.8450
13670,20070601,20250611,51.5088,6.7018
13674,20070801,20250611,49.2943,8.9053
13675,20071101,20250611,52.0818,9.4077
13676,20100101,20250611,48.8608,12.0323
13693,20080611,20250611,51.9258,8.3111
13696,20071201,20250611,51.5966,7.4048
13700,20080501,20250611,51.3329,7.3412
13701,20080901,20250611,51.1945,9.9885
13710,20080401,20250611,48.5734,12.2576
13711,20071201,20250611,50.6820,11.5150
13713,20071101,20250611,51.0899,7.6289
13776,20080301,20101231,52.1789,9.9524
13777,20080601,20250611,52.2467,10.9592
13876,19220101,19450131,50.7667,13.7333
13886,19370401,19720930,50.7000,11.6000
13898,19540101,19770731,51.4667,10.3000
13900,19950101,20250611,50.2688,9.3580
13901,19790201,20250611,51.7343,7.1998
13904,20080928,20081230,55.0000,6.3333
13932,19870521,20250611,48.3617,13.1938
13952,20090201,20250611,51.4089,8.0094
13965,20081201,20250611,48.2639,8.8134
14003,19741001,19800930,47.8619,10.6144
14138,20090914,20170116,52.1655,14.1224
14311,19610101,20051231,50.1500,6.5527
15000,20110401,20250611,50.7983,6.0244
15044,20111001,20250611,50.4517,7.4058
15120,20120301,20250611,51.5572,8.7019
15122,20120401,20250611,49.5200,10.2854
15189,20130501,20250611,53.8281,12.5936
15190,20180701,20250611,51.6802,6.4349
15194,20240401,20250611,52.0688,10.6245
15200,20130601,20250611,51.2531,7.2157
15207,20131101,20250611,51.2835,9.3590
15214,20131101,20250611,47.6248,10.8075
15444,20140901,20250611,48.4418,9.9216
15520,20150901,20250611,47.8190,12.2956
15526,18910101,19351231,53.5467,9.9716
15547,20161001,20250611,49.1259,9.1428
15555,20160501,20250611,47.8761,10.5849
15801,20201001,20250611,48.8257,13.5922
15813,20220301,20250611,52.5126,7.4131
15911,20210601,20250611,51.1347,14.4344
15926,19510101,19551020,49.3410,12.1330
15951,19760401,20040831,49.2121,7.5882
15963,19540101,20041130,51.3258,6.5089
15964,18870701,19550710,51.3300,6.5600
15965,19690501,19840831,50.3102,9.7838
15976,20200402,20250611,49.9529,8.2107
15978,20200402,20250611,49.5044,7.8618
15979,19480101,19790331,49.9311,7.5153
16085,19600701,19611231,53.5874,8.6011
19087,19570501,19951130,48.8049,13.5528
19171,20200901,20250611,54.0039,9.8555
19172,20200901,20250611,54.0246,9.3880
19207,20230401,20250611,53.8178,12.0645
19243,20240101,20250611,54.6831,8.4721
19317,19740101,19810630,48.2333,11.5667
19318,19461101,19781231,50.7180,10.4310
19364,19371201,19771231,50.6167,10.8167
19378,19580101,19771231,50.8333,10.5833
19406,19450301,19610930,51.0833,11.6333
19433,19380401,19611231,50.8188,10.3443
19510,19500101,19710106,51.1000,12.3300
19576,20230901,20230908,49.8044,8.8582
19579,19710101,20051031,47.8194,8.3348
19580,19750101,20051231,48.4951,9.4003
19581,19740601,20050331,48.6671,8.4700
19582,19510101,20010831,48.1419,8.4255
19607,19720501,20010430,50.6952,13.4972
19617,19410101,20061231,49.7391,10.6039
19631,18810601,19691231,50.8083,10.2294
19647,19510101,20051031,49.4547,8.9794
19774,19710819,19940228,51.4814,10.8057
19781,19410101,19531231,48.7429,11.4233
19794,19470101,19541231,49.4415,11.8529
19831,19490101,19950331,48.5957,8.7290
19856,20240801,20250611,47.6134,12.9819
19911,19631101,19860930,50.9625,10.0663
19985,19810101,20031231,48.8457,8.9073
19989,19360101,20120630,50.0681,8.2603
20007,18820101,19151231,50.8422,12.8770
20098,20250401,20250611,48.5651,8.2284
